@@,itemlabel,item,psid
+++,Abel Goumba,,
+++,Abraham Espère Langou,,
+++,Alain Albert Andjigbo Djanga,,
+++,Albert Mberio,,
+++,Albert Ndebouli,,
+++,Albert Simplice Ganikpio,,
+++,Alphonse Malendele Laguere,,
+++,Alphonsine Yangongo Boganda,,
+++,André Janvier Ngboukouzou,,
+++,André Nderegandji,,
+++,Anne Marie Moningue,,
+++,Antoine Biloko,,
+++,Barthélémy Boua,,
+++,Baïkoumbou Maguelet Poutya,,
+++,Bhé Dogo Nendji,,
+++,Brice Molomadon,,
+++,Charles Armel Doubane,,
+++,Charles Massi,,
+++,Daniel Langandji,,
+++,Daniel Otokpio,,
+++,David Gobolo,,
+++,David Guitouka,,
+++,David Yaka,,
+++,Dieudonné Gomitoua,,
+++,Dieudonné Koudoufara,,
+++,Désiré Kolingba,,
+++,Emmanuel Dombia Dobele,,
+++,Eric Sorongope,,
+++,Etienne Moussa Ndoa,,
+++,Faustin Montsoki,,
+++,Fidèle Gbanga,,
+++,Fidèle Soussou,,
+++,Félix Orokas,,
+++,Gabriel Dotte Badekara,,
+++,Gaston Laninga Bastos,,
+++,Gilbert Kolissio,,
+++,Guy Ningata,,
+++,Guy-Jean Ouilibona Zoufouk,,
+++,Henri Pouzere,,
+++,Hilaire Sebale,,
+++,Hubert Ndomphori Nakombo,,
+++,Jacob Gbeti,,
---,Jacob Gbéti,Q106428926,Q106428926-2d5f63da-4f21-2b6c-f371-5b59e639b821
+++,Jacques Yembe,,
+++,Jacquesson Mazette,,
+++,Jean Baketo,,
+++,Jean Bouguinza,,
+++,Jean Claude Aubertel,,
+++,Jean Marc Meiganga,,
+++,Jean Marie Mokole,,
+++,Jean Michel Mandaba,,
+++,Jean Michel Zouhougou,,
+++,Jean Paul Ngoupandé,,
+++,Jean Pierre Félix Gassicard,,
+++,Jean Sayo,,
+++,Jean Serge Wafio,,
+++,Joachim Goyango,,
+++,Joseph Boykota Zouketia,,
+++,Joseph Kalite,,
+++,Joseph Katekondji,,
+++,Joseph Malemindou,,
+++,Joseph Maligwa,,
+++,Joseph Ngama,,
+++,Joseph Pingama,,
+++,Kilo Alphonse Sanghamy,,
+++,Laurent Gomina Pampali,,
+++,Louis Papeniah,,
+++,Louis Pierre Gamba,,
+++,Luc Guela,,
+++,Lucienne Patassé,,
+++,Marcel Loudegue,,
+++,Marguerite Balenguele Zarambaud,,
+++,Marie Agba,,
+++,Marie Wafio,,
+++,Marie-Josèphe Zani-Fe Touam-Bona,,
+++,Martin Doumsou,,
+++,Martin Yamete,,
+++,Maïtar Djim Arem,,
+++,Michel Neby Issa,,
+++,Michel Ngako,,
+++,Mireille Kolingba,,
+++,Moctar Samuel Mossambou,,
+++,Moise Mamadou Raïkina,,
+++,Nestor Maïdou,,
+++,Ngoagbada Kouzoutchiam,,
+++,Nouyongode Modiba Bene,,
+++,Ouba Tessoube,,
+++,Oumar Zackaria,,
+++,Patrice Endjimoungou,,
+++,Paulin Georges Dobot Zero,,
+++,Philippe Woungane,,
+++,Pierre Nganamandji,,
+++,Pierre Selessoui,,
+++,Rigaud Nguialo,,
+++,Roger Gbeda,,
+++,Simon Bongolape,,
+++,Simon Moussapeti,,
+++,Thierry Yinifolo Vandenboss,,
+++,Thomas Koazo,,
+++,Théophile Ganro,,
+++,Théophile Touba,,
+++,Timothée Malendoma,,
+++,Tymossi Kezza Koyangbo,,
+++,Yani Blaise Nabombo,,
+++,Younouss Sidik,,
+++,Zabio Maa Zabio,,
+++,Zacharia Alia,,
+++,Émile Gros Raymond Nakombo,,
